0,2,1
0.05,2.1023647486012,1.0025432484009
0.1,2.2092400793785,1.0102401299697
0.15,2.3192478725741,1.0235282071541
0.2,2.4309064446519,1.0427505792284
0.25,2.542383219622,1.0682811950186
0.3,2.6514458882406,1.100504330951
0.35,2.7554523283321,1.1397878127047
0.4,2.851372397405,1.1864439889384
0.45,2.9358547651434,1.2406755297593
0.5,3.0053523646455,1.3025047961673
0.55,3.0563168172385,1.3716882142634
0.6,3.0854639036358,1.4476216069987
0.65,3.0900975763463,1.5292487488194
0.7,3.0684597711238,1.6149925004103
0.75,3.0200513662923,1.702733330344
0.8,2.945854098672,1.7898601269137
0.85,2.8483845058004,1.8734092306943
0.9,2.731536827891,1.9502884195929
0.95,2.600220571049,2.0175572207799
1,2.4598551012885,2.0727129767199
1.05,2.3158246072931,2.1139245657293
1.1,2.1730029117104,2.1401680795194
1.15,2.0354269274103,2.1512464928219
1.2,1.9061465852686,2.1477060140899
1.25,1.7872314266099,2.1306829970118
1.3,1.6798860860874,2.1017215569717
1.35,1.5846213590235,2.0625958429955
1.4,1.50143733419,2.0151587314734
1.45,1.4299906207852,1.9612264697375
1.5,1.3697321195412,1.9024997312788
1.55,1.3200120743245,1.8405163328512
1.6,1.2801550641962,1.7766287784303
1.65,1.2495101879981,1.7119997083422
1.7,1.2274822052647,1.6476092636216
1.75,1.2135488333718,1.5842696614842
1.8,1.2072684181858,1.5226435440926
1.85,1.2082811603061,1.4632637402872
1.9,1.2163061616657,1.4065529206214
1.95,1.2311358139059,1.3528422430984
2,1.2526284787063,1.3023885182664
2.05,1.2806999849264,1.2553897104044
2.1,1.3153141555691,1.2119987747884
2.15,1.3564723491105,1.1723359403864
2.2,1.4042018301929,1.1364996059678
2.25,1.4585426561461,1.1045760419204
2.3,1.5195326667355,1.0766480908202
2.35,1.587190089558,1.0528030432842
2.4,1.6614932234487,1.0331398344599
2.45,1.7423566447612,1.0177756600785
2.5,1.8296034121332,1.00685204576
2.55,1.9229328499515,1.0005403126773
2.6,2.0218837069602,0.99904625722385
2.65,2.1257928665302,1.002613689649
2.7,2.2337503965753,1.0115262425139
2.75,2.3445526504777,1.0261065507879
2.8,2.4566564493618,1.0467115141605
2.85,2.568139154566,1.073721888134
2.9,2.6766716769306,1.1075239574772
2.95,2.7795140274739,1.1484806283492
3,2.8735455057941,1.1968891330165
3.05,2.9553432850091,1.2529229982455
3.1,3.0213227452325,1.3165574381441
3.15,3.0679487550186,1.3874804030925
3.2,3.0920174493768,1.4649964993501
3.25,3.0909919467342,1.5479376806652
3.3,3.0633541272621,1.634601702925
3.35,3.0089129741774,1.7227440493763
3.4,2.9289969892736,1.8096474493906
3.45,2.8264643952278,1.8922817562353
3.5,2.7054966550434,1.9675455927271
3.55,2.5711937203077,2.032555267869
3.6,2.4290454580986,2.0849265574001
3.65,2.2843886164856,2.1229916075146
3.7,2.1419560359085,2.1459099992219
3.75,2.0055871595041,2.153662998838
3.8,1.8781159830115,2.1469498413173
3.85,1.7614078632894,2.1270231045301
3.9,1.6564936911312,2.0955032522527
3.95,1.5637487554096,2.054204132881
4,1.4830757209745,2.0049884143452
4.05,1.414067113623,1.949660102795
4.1,1.3561364819068,1.8898930346971
4.15,1.3086167348312,1.8271897956238
4.2,1.2708292369481,1.7628639915536
4.25,1.2421292521779,1.6980390365873
4.3,1.2219335024056,1.6336577000476
4.35,1.2097348831951,1.570497978539
4.4,1.2051083446972,1.5091921040287
4.45,1.2077109156983,1.4502465325094
4.5,1.2172779606292,1.3940615504589
4.55,1.2336170513115,1.3409497104065
4.6,1.2566002967098,1.2911527034183
4.65,1.2861555754746,1.2448565379991
4.7,1.3222568246618,1.2022050589908
4.75,1.3649133243168,1.1633119359088
4.8,1.4141577583843,1.1282712994991
4.85,1.4700327110176,1.0971672232094
4.9,1.532575163569,1.0700822424773
4.95,1.6017984872549,1.0471050846616
5,1.6776713819182,1.0283377479369
5.05,1.7600932017371,1.0139020172637
5.1,1.8488651518451,1.0039454353905
5.15,1.9436569637935,0.99864664948835
5.2,2.043968903554,0.99821991918697
5.25,2.1490893892425,1.0029183864466
5.3,2.2580491683535,1.01303545729
5.35,2.3695740093924,1.0289033168426
5.4,2.4820392838063,1.0508871872171
5.45,2.5934317076185,1.0793734571466
5.5,2.7013258574044,1.1147493170069
5.55,2.8028856914721,1.1573711452016
5.6,2.8949037370844,1.2075188371035
5.65,2.9738919830789,1.2653339027926
5.7,3.0362374862819,1.3307409655831
5.75,3.0784304988009,1.403355777467
5.8,3.0973618458682,1.482388310972
5.85,3.0906686858048,1.5665564971864
5.9,3.0570855848693,1.6540331465577
5.95,2.9967369121638,1.7424523883663
6,2.9112966345116,1.8289985194512
6.05,2.803953093229,1.9105863687695
6.1,2.6791539695385,1.984119000466
6.15,2.5421628142018,2.0467826270799
6.2,2.3985127119911,2.0963212768866
6.25,2.2534706106353,2.1312348419519
6.3,2.1116144440753,2.1508649797802
6.35,1.9765815184457,2.1553649147853
6.4,1.8509929863077,2.1455775717978
6.45,1.7365181616005,2.1228614981389
6.5,1.6340245939243,2.0889039920396
6.55,1.5437625681404,2.045550816789
6.6,1.4655466089664,1.9946687401032
6.65,1.3989126412723,1.9380458509777
6.7,1.3432424642448,1.8773271731568
6.75,1.2978555758797,1.8139793870946
6.8,1.2620726852367,1.749277442887
6.85,1.2352567423923,1.6843063602245
6.9,1.216837203858,1.6199727054251
6.95,1.2063223998534,1.5570215772192
7,1.2033038015426,1.4960561499018
7.05,1.2074549693087,1.4375578100735
7.1,1.2185271066961,1.3819056688532
7.15,1.2363424716175,1.3293947647225
7.2,1.2607863891731,1.2802526362348
7.25,1.2917982370542,1.2346541811915
7.3,1.3293615019316,1.1927348654604
7.35,1.3734928049956,1.1546024282467
7.4,1.4242296449084,1.1203472715659
7.45,1.4816164915161,1.0900517338044
7.5,1.5456887747653,1.0637984392989
7.55,1.6164542475588,1.0416778924268
7.6,1.6938711623937,1.0237954469069
7.65,1.7778227004997,1.0102777269251
7.7,1.8680871486073,1.0012785013943
7.75,1.9643034632486,0.99698390816032
7.8,2.0659321398252,0.99761678026039
7.85,2.172211773287,1.003439627757
7.9,2.2821124342887,1.0147555613569
7.95,2.3942880750165,1.0319060955366
8,2.5070317046784,1.0552643365965
8.05,2.6182390832592,1.0852215655567
8.1,2.7253891290344,1.1221647326066
8.15,2.8255518931848,1.1664420303124
8.2,2.9154372895794,1.2183137598431
8.25,2.9914988072198,1.2778865376453
8.3,3.0501047024493,1.3450310148289
8.35,3.0877828391248,1.4192871949039
8.4,3.1015327997756,1.499767329144
8.45,3.0891798644957,1.5850736406652
8.5,3.0497226160198,1.6732548400247
8.55,2.9836061243131,1.7618280912912
8.6,2.892846300007,1.8478876226363
8.65,2.7809480815474,1.9283049721243
8.7,2.6526032690636,2.0000009366032
8.75,2.5132123457456,2.0602438210895
8.8,2.3683257985255,2.1069143346728
8.85,2.2231207514699,2.1386830884228
8.9,2.0820088511621,2.1550711591426
8.95,1.948422739815,2.1563966629415
9,1.8247752097267,2.1436367128122
9.05,1.712548271306,2.118245866599
9.1,1.6124565036735,2.0819693162231
9.15,1.5246352668455,2.0366776270229
9.2,1.4488196317267,1.9842366149724
9.25,1.384495786455,1.9264153127761
9.3,1.3310188315909,1.8648283638268
9.35,1.2876983283991,1.8009061530494
9.4,1.2538565469837,1.7358853947513
9.45,1.228865397516,1.6708136421456
9.5,1.2121676737049,1.6065624641755
9.55,1.2032872862721,1.5438453812578
9.6,1.2018320765129,1.4832378340992
9.65,1.2074918023021,1.4251974005251
9.7,1.220033065718,1.3700831753331
9.75,1.2392923127182,1.3181737228662
9.8,1.2651675577492,1.2696833459038
9.85,1.2976091361898,1.2247766294611
9.9,1.3366095322669,1.1835813487044
9.95,1.382192142088,1.1461999027341
10,1.4343986899592,1.1127194693485
